{"cameraMode":{"drawMode":0,"name":"Shaded","section":"Shading Mode"},"sceneLighting":true,"audioPlay":false,"sceneViewState":{"m_AlwaysRefresh":false,"showFog":true,"showSkybox":true,"showFlares":true,"showImageEffects":true,"showParticleSystems":true,"showVisualEffectGraphs":true,"m_FxEnabled":true},"in2DMode":false,"pivot":{"x":0.0462651252746582,"y":-1.1591275930404664,"z":0.726409912109375},"rotation":{"x":0.24224326014518739,"y":-0.2623441815376282,"z":0.06821811199188233,"w":0.9315904378890991},"size":4.849360466003418,"orthographic":false}