{"cameraMode":{"drawMode":0,"name":"Shaded","section":"Shading Mode"},"sceneLighting":true,"audioPlay":false,"sceneViewState":{"m_AlwaysRefresh":false,"showFog":true,"showSkybox":true,"showFlares":true,"showImageEffects":true,"showParticleSystems":true,"showVisualEffectGraphs":true,"m_FxEnabled":false},"in2DMode":false,"pivot":{"x":-2.190797805786133,"y":0.07927584648132324,"z":0.4712270498275757},"rotation":{"x":0.08837464451789856,"y":0.014940662309527398,"z":-0.0013256878592073918,"w":0.995975136756897},"size":4.067120552062988,"orthographic":false}