{"cameraMode":{"drawMode":0,"name":"Shaded","section":"Shading Mode"},"sceneLighting":false,"audioPlay":false,"sceneViewState":{"m_AlwaysRefresh":false,"showFog":true,"showSkybox":false,"showFlares":true,"showImageEffects":true,"showParticleSystems":true,"showVisualEffectGraphs":true,"m_FxEnabled":true},"in2DMode":false,"pivot":{"x":1699.349365234375,"y":1323.801513671875,"z":100.05355834960938},"rotation":{"x":0.04648278281092644,"y":-0.004495000466704369,"z":0.00020913065236527473,"w":0.9989095330238342},"size":1316.283935546875,"orthographic":false}