{"cameraMode":{"drawMode":0,"name":"Shaded","section":"Shading Mode"},"sceneLighting":false,"audioPlay":false,"sceneViewState":{"m_AlwaysRefresh":false,"showFog":true,"showSkybox":false,"showFlares":true,"showImageEffects":true,"showParticleSystems":true,"showVisualEffectGraphs":true,"m_FxEnabled":true},"in2DMode":false,"pivot":{"x":1578.4476318359375,"y":681.7054443359375,"z":-40.247802734375},"rotation":{"x":0.04648278281092644,"y":-0.004495000466704369,"z":0.00020913065236527473,"w":0.9989095330238342},"size":1558.6920166015625,"orthographic":false}