{"cameraMode":{"drawMode":0,"name":"Shaded","section":"Shading Mode"},"sceneLighting":false,"audioPlay":false,"sceneViewState":{"m_AlwaysRefresh":false,"showFog":true,"showSkybox":false,"showFlares":true,"showImageEffects":true,"showParticleSystems":true,"showVisualEffectGraphs":true,"m_FxEnabled":true},"in2DMode":false,"pivot":{"x":1835.0927734375,"y":977.4024047851563,"z":-0.7704353332519531},"rotation":{"x":0.019498728215694429,"y":-0.0014995916280895472,"z":0.000029207918487372808,"w":0.9998093247413635},"size":68.46107482910156,"orthographic":false}